{
    "PREV_TX": 0.0, 
    "AGE": 0.0, 
    "PROTEIN_URINE": 0.0013787588412910697, 
    "HBV_SUR_ANTIGEN": 3.160115264239132, 
    "PRI_GRF_FAIL": 89.93092418205131, 
    "LT_ONE_WEEK_DON": 0.0, 
    "HTLV1_OLD_DON": 89.46076741717106, 
    "INIT_ALBUMIN": 0.13511836644652483, 
    "OTHER_HYPERTENS_MED_DON": 65.70751009940851, 
    "CMV_IGM": 16.101145748597112, 
    "ARTIFICIAL_LI_TRR": 0.0, 
    "CMV_IGG": 16.09700947207324, 
    "TX_DATE": 0.0, 
    "ENCEPH_TCR": 86.04971804381695, 
    "PT_OTH_DON": 0.0, 
    "VAD_TAH": 86.22482041666092, 
    "PERM_STATE": 0.5735636779770851, 
    "HBV_SUR_ANTIGEN_DON": 0.0013787588412910697, 
    "FUNC_STAT_TRR": 0.2467978325911015, 
    "TXLIV": 0.0, 
    "DIAG": 0.004136276523873209, 
    "DIAB": 0.023438900301948187, 
    "LIV_DON_TY": 100.0, 
    "FUNC_STAT_TRF": 37.98756359525156, 
    "INIT_ENCEPH": 0.0, 
    "INFECT": 88.94235409284562, 
    "HCV_TEST_DON": 100.0, 
    "PX_STAT_DATE": 0.24817659143239257, 
    "MALIG": 0.0, 
    "COMPOSITE_DEATH_DATE": 72.9804629872189, 
    "WLPA": 99.96001599360255, 
    "END_DATE": 0.0, 
    "WLPI": 100.0, 
    "HBEAB_OLD": 100.0, 
    "INIT_WGT_KG": 0.0, 
    "RETXDATE": 95.28740228046712, 
    "INIT_CTP_SCORE": 100.0, 
    "REJ_ACUTE": 88.93959657516304, 
    "PRI_PAYMENT_TRR": 0.24955535027368364, 
    "AGE_DON": 0.0, 
    "PREV_MALIG_TY_OSTXT": 97.99390588592149, 
    "GENDER_DON": 0.0, 
    "MALIG_TRR": 13.422217319968563, 
    "WGT_KG_DON_CALC": 0.042741524080023165, 
    "END_BMI_CALC": 0.06618042438197135, 
    "TATTOOS": 0.0027575176825821394, 
    "MACRO_FAT_LI_DON": 70.35254863571812, 
    "MALIG_TY_OSTXT": 97.67954887010713, 
    "COD2": 94.1016696769568, 
    "COD3": 98.29447531332295, 
    "INIT_MELD_PELD_LAB_SCORE": 0.13511836644652483, 
    "TXPAN": 100.0, 
    "WGT_KG_TCR": 0.16820857863751051, 
    "WLIN": 99.95863723476127, 
    "DON_TY": 0.0, 
    "HEP_RECUR": 88.93959657516304, 
    "CMV_IGG_DON": 100.0, 
    "HOME_STATE_DON": 0.6025176136441975, 
    "ALBUMIN_TX": 0.0027575176825821394, 
    "CANCER_OTH_OSTXT_DON": 99.33957451502158, 
    "HCC_DIAG": 82.2622675067904, 
    "END_STAT": 0.0, 
    "DOPAMINE_DON_OLD": 97.44515986708765, 
    "MULTIORG": 100.0, 
    "BMI_CALC": 0.06618042438197135, 
    "DISCHARGE_DATE": 1.5166347254201769, 
    "HYPERTENS_DUR_DON": 65.70613134056723, 
    "GENDER": 0.0, 
    "TXINT": 100.0, 
    "HIST_ALCOHOL_OLD_DON": 89.46214617601235, 
    "PT_DIURETICS_DON": 0.4067338581808656, 
    "INIT_HGT_CM": 0.09927063657295702, 
    "SHARE_TY": 0.0, 
    "DATA_TRANSPLANT": 0.0, 
    "DIURETICS_DON": 65.70751009940851, 
    "HIST_COCAINE_DON": 0.0027575176825821394, 
    "EXTRACRANIAL_CANCER_DON": 0.008272553047746418, 
    "FINAL_BILIRUBIN": 0.004136276523873209, 
    "SKIN_CANCER_DON": 0.008272553047746418, 
    "MALIG_OSTXT_TRR": 99.65393153083595, 
    "REFERRAL_DATE": 0.0, 
    "HIV_SEROSTATUS": 2.2625432585586456, 
    "FINAL_DIALYSIS_PRIOR_WEEK": 0.0, 
    "LIST_MELD": 0.0, 
    "HIST_DIABETES_DON": 0.0013787588412910697, 
    "FINAL_ENCEPH": 0.0, 
    "OTH_GOVT_DON": 100.0, 
    "FINAL_CTP_SCORE": 100.0, 
    "HEPARIN_DON": 2.194984075335383, 
    "DIABDUR_DON": 89.12848653641991, 
    "COD_WL": 100.0, 
    "PT_STEROIDS_DON": 0.4067338581808656, 
    "LIFE_SUP_TRR": 0.2412827972259372, 
    "HBV_DNA_DON": 100.0, 
    "ACADEMIC_PRG_TRR": 98.56884832273987, 
    "INIT_SERUM_CREAT": 0.13098208992265162, 
    "PGE": 85.62919659722318, 
    "FINAL_INR": 0.005515035365164279, 
    "BMIS": 59.248024927959854, 
    "MICRO_FAT_LI_DON": 72.19043417115913, 
    "LITYP": 0.008272553047746418, 
    "WL_ID_CODE": 0.0, 
    "HCV_RNA_DON": 100.0, 
    "PX_STAT": 0.23990403838464613, 
    "LIV_DON_TY_OSTXT": 100.0, 
    "ABO": 0.0, 
    "NON_HRT_DON": 0.0, 
    "BUN_DON": 0.038605247556149955, 
    "ECD_DONOR": 0.0, 
    "VASODIL_DON": 0.005515035365164279, 
    "DIAL_TX": 0.07583173627100884, 
    "INOTROP_SUPPORT_DON": 1.1209309379696397, 
    "PSTATUS": 0.0, 
    "ANTIHYPE_DON": 0.005515035365164279, 
    "AMIS": 59.22320726881661, 
    "VDRL_DON": 0.0027575176825821394, 
    "HGT_CM_DON_CALC": 0.004136276523873209, 
    "PULM_INF_DON": 0.0, 
    "TRANSFUS_TERM_DON": 10.077348370996429, 
    "OTHER_VASC_THROMB": 98.86803899130003, 
    "DB1": 2.4431606667677754, 
    "DB2": 2.444539425609067, 
    "PT_T3_DON": 0.4067338581808656, 
    "MEDICAID_DON": 100.0, 
    "TRTREJ6M": 28.3155703235947, 
    "MALIG_TCR": 0.022060141460657115, 
    "CREAT_TX": 0.07445297742971776, 
    "ASCITES_TCR": 86.04971804381695, 
    "DGN_TCR": 0.022060141460657115, 
    "BMI_TCR": 0.34055343379889425, 
    "ADMIT_DATE_DON": 27.133973996608255, 
    "DEATH_DATE": 100.0, 
    "VESSELS_NUM_STEN_DON": 96.07329482000303, 
    "RA2": 58.89368390574805, 
    "RA1": 58.89368390574805, 
    "VASC_THROMB": 89.9336816997339, 
    "COD_OSTXT_DON": 97.96908822677825, 
    "PRI_PAYMENT_TCR": 0.022060141460657115, 
    "HCV_ANTIBODY_DON": 100.0, 
    "HBV_CORE_DON": 0.0, 
    "LV_EJECT_DON": 36.49988280549849, 
    "OTHER_INF_DON": 49.064512126184006, 
    "ON_VENT_TRR": 0.0, 
    "WLHR": 99.99310620579354, 
    "WLHL": 100.0, 
    "BMI_DON_CALC": 0.1282245722400695, 
    "TX_MELD": 0.0, 
    "GTIME": 0.24817659143239257, 
    "HBV_SURF_TOTAL": 86.54882874436433, 
    "HBV_CORE": 3.162872781921714, 
    "INSULIN_DEP_DON": 89.12986529526121, 
    "INOTROPES": 85.62919659722318, 
    "BILIARY": 89.93230294089261, 
    "DGN2_OSTXT_TCR": 97.46308373202443, 
    "INIT_DATE": 0.0, 
    "RECOV_COUNTRY": 99.09553420011306, 
    "MED_COND_TRR": 0.23990403838464613, 
    "PTIME": 0.2467978325911015, 
    "TXHRT": 100.0, 
    "MELD_DIFF_REASON_CD": 48.37926898206235, 
    "HIST_IV_DRUG_OLD_DON": 89.48282755863173, 
    "PORTAL_VEIN_TCR": 0.026196417984530325, 
    "DDAVP_DON": 0.005515035365164279, 
    "HCV_SEROSTATUS": 1.2119290214948504, 
    "DIS_ALKPHOS": 90.85469260571634, 
    "PT_OTH3_OSTXT_DON": 56.66698837706297, 
    "OTH_DON_MED1_OSTXT_DON_OLD": 98.59228722304182, 
    "COD3_OSTXT": 99.41816376897516, 
    "EXC_EVER": 0.0, 
    "DIS_SGOT": 90.45209502405935, 
    "NUM_PREV_TX": 0.0, 
    "GRF_FAIL_CAUSE_OSTXT": 97.67541259358326, 
    "TRANSFUS_PRIOR_NUM_OLD_DON": 89.46214617601235, 
    "FINAL_SERUM_SODIUM": 13.3394917894911, 
    "CORE_COOL_DON": 94.96477271160501, 
    "CLSTR_OLD": 100.0, 
    "EXC_DIAG_ID": 62.99824897627156, 
    "CMV_IGM_DON": 100.0, 
    "PRI_PAYMENT_CTRY_TCR": 99.64703773662949, 
    "OTH_DON_MED2_OSTXT_DON_OLD": 99.04314136414399, 
    "FINAL_MELD_PELD_LAB_SCORE": 0.08272553047746418, 
    "HMO_PPO_DON": 100.0, 
    "CONTIN_CIG_DON": 73.12936894207834, 
    "INIT_DIALYSIS_PRIOR_WEEK": 0.0, 
    "RECOVERY_DATE_DON": 0.0, 
    "FINAL_ALBUMIN": 0.005515035365164279, 
    "CLSTRTYP_OLD": 100.0, 
    "CMV_NUCLEIC_DON": 100.0, 
    "OTH_DON_MED3_OSTXT_DON_OLD": 99.43608763391195, 
    "HTLV2_OLD_DON": 89.46076741717106, 
    "PRI_NON_FUNC": 98.87631154434777, 
    "CORONARY_ANGIO_DON": 5.479187635290711, 
    "CTR_CODE": 0.0, 
    "HCC_DIAGNOSIS_TCR": 87.20373919397758, 
    "RB2": 58.89368390574805, 
    "RB1": 58.89368390574805, 
    "WGT_KG_CALC": 0.005515035365164279, 
    "TXKID": 100.0, 
    "PT_OTH4_OSTXT_DON": 99.74079333783727, 
    "INIT_SERUM_SODIUM": 17.204152821629968, 
    "HBV_TEST_DON": 100.0, 
    "INIT_INR": 0.13373960760523376, 
    "TXLNG": 100.0, 
    "OTH_LIFE_SUP_OSTXT_TCR": 99.04727764066787, 
    "CONTIN_IV_DRUG_OLD_DON": 99.73389954363083, 
    "INIT_AGE": 0.0, 
    "INTRACRANIAL_CANCER_DON": 0.008272553047746418, 
    "PREV_AB_SURG_TCR": 0.024817659143239256, 
    "TX_PROCEDUR_TY": 0.0, 
    "RESUSCIT_DUR": 94.08926084738519, 
    "MEDICARE_DON": 100.0, 
    "INSULIN_DON": 10.05253071185319, 
    "HIST_INSULIN_DEP_DON": 89.12986529526121, 
    "PT_OTH1_OSTXT_DON": 19.509437604268637, 
    "INIT_BMI_CALC": 0.2509341091149747, 
    "HIST_OTH_DRUG_DON": 0.0027575176825821394, 
    "COD2_OSTXT": 97.98011829750858, 
    "INIT_ASCITES": 0.0, 
    "INIT_OPO_CTR_CODE": 0.0, 
    "WLLI": 100.0,